# SYNTHETIC DATA — generated counts and indexes, not Google Trends or Twitter/X measurements.
# Rebuild with: python data/sample/make_sample.py (NumPy seed 42).
tweet_created_at,retweet_count,like_count,quote_count
2020-01-04T12:00:00+00:00,12,76,0
2020-01-03T19:00:00+00:00,11,61,2
2020-01-02T11:00:00+00:00,19,55,0
2020-01-11T17:00:00+00:00,9,74,3
2020-01-10T12:00:00+00:00,0,53,1
2020-01-09T17:00:00+00:00,13,37,0
2020-01-18T09:00:00+00:00,10,66,5
2020-01-17T19:00:00+00:00,23,44,1
2020-01-16T18:00:00+00:00,20,79,3
2020-01-25T14:00:00+00:00,11,67,2
2020-02-01T08:00:00+00:00,20,60,0
2020-01-31T13:00:00+00:00,11,37,5
2020-02-08T11:00:00+00:00,4,19,5
2020-02-15T08:00:00+00:00,15,18,1
2020-02-14T11:00:00+00:00,4,39,5
2020-02-13T15:00:00+00:00,18,39,0
2020-02-12T09:00:00+00:00,6,19,5
2020-02-22T18:00:00+00:00,15,44,3
2020-02-21T12:00:00+00:00,16,63,4
2020-02-20T15:00:00+00:00,1,57,2
2020-02-19T16:00:00+00:00,13,70,2
2020-02-29T18:00:00+00:00,8,38,3
2020-02-28T17:00:00+00:00,17,68,2
2020-02-27T14:00:00+00:00,10,72,1
2020-02-26T15:00:00+00:00,3,68,2
2020-03-07T14:00:00+00:00,12,67,3
2020-03-06T14:00:00+00:00,2,1,2
2020-03-14T19:00:00+00:00,15,50,2
2020-03-13T10:00:00+00:00,0,27,1
2020-03-12T10:00:00+00:00,6,1,3
2020-03-11T19:00:00+00:00,17,35,2
2020-03-21T09:00:00+00:00,14,45,0
2020-03-20T12:00:00+00:00,6,13,4
2020-03-28T15:00:00+00:00,17,78,4
2020-03-27T15:00:00+00:00,21,38,5
2020-03-26T17:00:00+00:00,16,72,3
2020-04-04T11:00:00+00:00,24,49,4
2020-04-03T13:00:00+00:00,21,5,0
2020-04-02T14:00:00+00:00,18,64,2
2020-04-11T14:00:00+00:00,24,52,2
2020-04-10T19:00:00+00:00,2,78,0
2020-04-09T11:00:00+00:00,20,58,5
2020-04-18T15:00:00+00:00,8,0,0
2020-04-17T11:00:00+00:00,1,40,4
2020-04-16T19:00:00+00:00,12,70,5
2020-04-25T13:00:00+00:00,8,78,1
2020-04-24T12:00:00+00:00,1,63,3
2020-04-23T09:00:00+00:00,5,44,3
2020-04-22T17:00:00+00:00,6,73,2
2020-05-02T10:00:00+00:00,0,4,2
2020-05-01T19:00:00+00:00,1,29,0
2020-04-30T19:00:00+00:00,16,61,4
2020-04-29T15:00:00+00:00,19,0,5
2020-05-09T16:00:00+00:00,9,64,2
2020-05-08T08:00:00+00:00,22,18,0
2020-05-07T15:00:00+00:00,5,68,2
2020-05-16T19:00:00+00:00,12,21,4
2020-05-23T08:00:00+00:00,18,32,4
2020-05-22T18:00:00+00:00,15,53,1
2020-05-21T10:00:00+00:00,10,68,3
2020-05-30T17:00:00+00:00,21,72,1
2020-05-29T16:00:00+00:00,14,35,2
2020-06-06T11:00:00+00:00,13,70,5
2020-06-13T16:00:00+00:00,2,54,2
2020-06-20T16:00:00+00:00,10,64,3
2020-06-19T19:00:00+00:00,15,23,4
2020-06-27T14:00:00+00:00,3,9,3
2020-06-26T10:00:00+00:00,24,68,4
2020-07-04T15:00:00+00:00,1,31,2
2020-07-03T18:00:00+00:00,5,39,2
2020-07-02T09:00:00+00:00,2,29,0
2020-07-11T12:00:00+00:00,5,44,0
2020-07-18T13:00:00+00:00,24,50,5
2020-07-17T12:00:00+00:00,11,33,5
2020-07-25T19:00:00+00:00,18,40,3
2020-07-24T19:00:00+00:00,7,27,5
2020-07-23T12:00:00+00:00,5,44,1
2020-07-22T18:00:00+00:00,22,24,3
2020-08-01T16:00:00+00:00,5,47,3
2020-07-31T15:00:00+00:00,0,23,5
2020-07-30T10:00:00+00:00,7,25,1
2020-07-29T09:00:00+00:00,8,69,0
2020-08-08T08:00:00+00:00,14,20,4
2020-08-07T15:00:00+00:00,19,50,2
2020-08-15T13:00:00+00:00,23,79,3
2020-08-14T16:00:00+00:00,6,65,4
2020-08-13T18:00:00+00:00,6,63,2
2020-08-12T10:00:00+00:00,4,44,1
2020-08-22T13:00:00+00:00,16,25,5
2020-08-29T14:00:00+00:00,23,34,0
2020-08-28T08:00:00+00:00,23,76,4
2020-08-27T09:00:00+00:00,7,3,0
2020-08-26T10:00:00+00:00,14,5,5
2020-09-05T11:00:00+00:00,12,63,1
2020-09-04T08:00:00+00:00,1,68,0
2020-09-12T12:00:00+00:00,19,4,5
2020-09-11T16:00:00+00:00,11,16,5
2020-09-10T11:00:00+00:00,12,31,1
2020-09-19T09:00:00+00:00,0,23,0
2020-09-18T12:00:00+00:00,21,13,0
2020-09-26T14:00:00+00:00,6,39,0
2020-10-03T12:00:00+00:00,10,44,4
2020-10-02T13:00:00+00:00,21,42,1
2020-10-10T11:00:00+00:00,14,19,5
2020-10-17T18:00:00+00:00,17,26,1
2020-10-16T16:00:00+00:00,8,19,5
2020-10-24T08:00:00+00:00,12,36,5
2020-10-23T16:00:00+00:00,4,12,3
2020-10-31T11:00:00+00:00,3,1,5
2020-11-07T08:00:00+00:00,23,15,4
2020-11-14T09:00:00+00:00,2,56,3
2020-11-21T10:00:00+00:00,2,45,1
2020-11-20T15:00:00+00:00,17,67,2
2020-11-28T11:00:00+00:00,21,42,3
2020-12-05T09:00:00+00:00,22,61,5
2020-12-04T18:00:00+00:00,7,20,1
2020-12-12T14:00:00+00:00,11,77,3
2020-12-11T18:00:00+00:00,24,6,2
2020-12-10T16:00:00+00:00,20,11,1
2020-12-09T14:00:00+00:00,19,9,3
2020-12-19T10:00:00+00:00,12,33,3
2020-12-18T11:00:00+00:00,20,6,5
2020-12-26T16:00:00+00:00,8,30,0
2021-01-02T09:00:00+00:00,16,58,5
2021-01-01T16:00:00+00:00,7,59,4
2020-12-31T11:00:00+00:00,3,71,0
2021-01-09T10:00:00+00:00,3,62,0
2021-01-08T16:00:00+00:00,17,4,1
2021-01-07T17:00:00+00:00,12,9,5
2021-01-16T08:00:00+00:00,23,1,3
2021-01-15T19:00:00+00:00,14,46,2
2021-01-23T14:00:00+00:00,22,7,5
2021-01-30T14:00:00+00:00,4,49,1
2021-01-29T11:00:00+00:00,18,4,2
2021-02-06T09:00:00+00:00,7,27,3
2021-02-05T19:00:00+00:00,20,15,0
2021-02-04T08:00:00+00:00,14,12,1
2021-02-13T18:00:00+00:00,20,20,3
2021-02-12T15:00:00+00:00,4,44,3
2021-02-11T12:00:00+00:00,18,54,3
2021-02-10T16:00:00+00:00,19,45,1
2021-02-20T16:00:00+00:00,24,11,2
2021-02-19T19:00:00+00:00,12,75,0
2021-02-18T08:00:00+00:00,19,28,3
2021-02-17T13:00:00+00:00,10,75,0
